[
  {
    "country": "United States",
    "number": "+19981972527"
  },
  {
    "country": "China",
    "number": "+86641129516"
  },
  {
    "country": "China",
    "number": "+869154347"
  },
  {
    "country": "Italy",
    "number": "+391167084005"
  },
  {
    "country": "South Korea",
    "number": "+823579496"
  },
  {
    "country": "India",
    "number": "+917394464"
  },
  {
    "country": "Indonesia",
    "number": "+627011640282"
  },
  {
    "country": "Spain",
    "number": "+34688017498"
  },
  {
    "country": "France",
    "number": "+330490584"
  },
  {
    "country": "Japan",
    "number": "+81578086735"
  },
  {
    "country": "South Korea",
    "number": "+829137396119"
  },
  {
    "country": "United States",
    "number": "+1927532017"
  },
  {
    "country": "Spain",
    "number": "+34919494273"
  },
  {
    "country": "Australia",
    "number": "+61244047589"
  },
  {
    "country": "United Kingdom",
    "number": "+442720379952"
  },
  {
    "country": "South Africa",
    "number": "+272413214671"
  },
  {
    "country": "Italy",
    "number": "+3902186837"
  },
  {
    "country": "Spain",
    "number": "+346699362"
  },
  {
    "country": "Argentina",
    "number": "+547824072165"
  },
  {
    "country": "Spain",
    "number": "+3470730987"
  },
  {
    "country": "Brazil",
    "number": "+55916147508"
  },
  {
    "country": "United Kingdom",
    "number": "+44394963765"
  },
  {
    "country": "Saudi Arabia",
    "number": "+9661933735511"
  },
  {
    "country": "Italy",
    "number": "+3944993809"
  },
  {
    "country": "Finland",
    "number": "+35862945603"
  },
  {
    "country": "Malaysia",
    "number": "+608561650"
  },
  {
    "country": "China",
    "number": "+865106566"
  },
  {
    "country": "Brazil",
    "number": "+558590531"
  },
  {
    "country": "France",
    "number": "+33490448108"
  },
  {
    "country": "Spain",
    "number": "+34250091663"
  },
  {
    "country": "Indonesia",
    "number": "+6265536311"
  },
  {
    "country": "Russia",
    "number": "+78364343961"
  },
  {
    "country": "Japan",
    "number": "+81237182671"
  },
  {
    "country": "United Kingdom",
    "number": "+44181512097"
  },
  {
    "country": "United States",
    "number": "+19813112"
  },
  {
    "country": "Japan",
    "number": "+814335186"
  },
  {
    "country": "Spain",
    "number": "+347633877813"
  },
  {
    "country": "India",
    "number": "+9125862309"
  },
  {
    "country": "United Kingdom",
    "number": "+449310475911"
  },
  {
    "country": "India",
    "number": "+911527637"
  },
  {
    "country": "United States",
    "number": "+15196138175"
  },
  {
    "country": "United Kingdom",
    "number": "+4451115563"
  },
  {
    "country": "Mexico",
    "number": "+521672560"
  },
  {
    "country": "Finland",
    "number": "+358690490180"
  },
  {
    "country": "Indonesia",
    "number": "+6235174650"
  },
  {
    "country": "Japan",
    "number": "+81734351684"
  },
  {
    "country": "Denmark",
    "number": "+45755927409"
  },
  {
    "country": "Spain",
    "number": "+346141689"
  },
  {
    "country": "Saudi Arabia",
    "number": "+966831097770"
  },
  {
    "country": "Switzerland",
    "number": "+41521597367"
  },
  {
    "country": "United Kingdom",
    "number": "+44685232434"
  },
  {
    "country": "Netherlands",
    "number": "+314610820600"
  },
  {
    "country": "Japan",
    "number": "+8123907302"
  },
  {
    "country": "United Kingdom",
    "number": "+443164105551"
  },
  {
    "country": "South Africa",
    "number": "+272071956799"
  },
  {
    "country": "Turkey",
    "number": "+903401003100"
  },
  {
    "country": "Brazil",
    "number": "+55134190934"
  },
  {
    "country": "Canada",
    "number": "+11334253642"
  },
  {
    "country": "Israel",
    "number": "+972981647701"
  },
  {
    "country": "India",
    "number": "+914097619323"
  },
  {
    "country": "India",
    "number": "+91799026441"
  },
  {
    "country": "Germany",
    "number": "+493192470185"
  },
  {
    "country": "India",
    "number": "+919436460"
  },
  {
    "country": "Japan",
    "number": "+8189185931"
  },
  {
    "country": "Norway",
    "number": "+479432572260"
  },
  {
    "country": "Russia",
    "number": "+7014251602"
  },
  {
    "country": "Brazil",
    "number": "+5553979050"
  },
  {
    "country": "India",
    "number": "+913853584"
  },
  {
    "country": "Brazil",
    "number": "+55179499311"
  },
  {
    "country": "South Korea",
    "number": "+8202872947"
  },
  {
    "country": "Australia",
    "number": "+618667411085"
  },
  {
    "country": "Sweden",
    "number": "+461559620"
  },
  {
    "country": "Italy",
    "number": "+393218038"
  },
  {
    "country": "Germany",
    "number": "+49134953817"
  },
  {
    "country": "Japan",
    "number": "+8190847698"
  },
  {
    "country": "Russia",
    "number": "+7361877722"
  },
  {
    "country": "Russia",
    "number": "+7892044391"
  },
  {
    "country": "Australia",
    "number": "+61405158821"
  },
  {
    "country": "Canada",
    "number": "+14811696622"
  },
  {
    "country": "Saudi Arabia",
    "number": "+9668100371571"
  },
  {
    "country": "Netherlands",
    "number": "+31580381066"
  },
  {
    "country": "Sweden",
    "number": "+461477244086"
  },
  {
    "country": "China",
    "number": "+86322813302"
  },
  {
    "country": "Poland",
    "number": "+483753854"
  },
  {
    "country": "China",
    "number": "+8603199870"
  },
  {
    "country": "Australia",
    "number": "+614996756"
  },
  {
    "country": "Indonesia",
    "number": "+627448598"
  },
  {
    "country": "United Kingdom",
    "number": "+44366198896"
  },
  {
    "country": "Portugal",
    "number": "+35157348189"
  },
  {
    "country": "Australia",
    "number": "+613794907"
  },
  {
    "country": "Indonesia",
    "number": "+62528740466"
  },
  {
    "country": "India",
    "number": "+9128114267"
  },
  {
    "country": "France",
    "number": "+338706075"
  },
  {
    "country": "Argentina",
    "number": "+540782711576"
  },
  {
    "country": "Brazil",
    "number": "+553588309"
  },
  {
    "country": "Chile",
    "number": "+56501412257"
  },
  {
    "country": "Sweden",
    "number": "+4619707949"
  },
  {
    "country": "Germany",
    "number": "+49767120514"
  },
  {
    "country": "Netherlands",
    "number": "+3106295090"
  },
  {
    "country": "Germany",
    "number": "+499803109000"
  },
  {
    "country": "India",
    "number": "+916688985"
  },
  {
    "country": "Canada",
    "number": "+101722868"
  },
  {
    "country": "Mexico",
    "number": "+5262431285"
  },
  {
    "country": "Australia",
    "number": "+617724659"
  },
  {
    "country": "Russia",
    "number": "+7135778687"
  },
  {
    "country": "Canada",
    "number": "+1981212614"
  },
  {
    "country": "Italy",
    "number": "+39186283693"
  },
  {
    "country": "Germany",
    "number": "+491696660"
  },
  {
    "country": "Australia",
    "number": "+61110743610"
  },
  {
    "country": "Italy",
    "number": "+396960985"
  },
  {
    "country": "Russia",
    "number": "+788406676"
  },
  {
    "country": "Japan",
    "number": "+812294455"
  },
  {
    "country": "France",
    "number": "+331779448371"
  },
  {
    "country": "Russia",
    "number": "+7459171007"
  },
  {
    "country": "China",
    "number": "+8625619611"
  },
  {
    "country": "Australia",
    "number": "+6147656242"
  },
  {
    "country": "India",
    "number": "+9124120182"
  },
  {
    "country": "China",
    "number": "+869584494609"
  },
  {
    "country": "Turkey",
    "number": "+90490982832"
  },
  {
    "country": "Belgium",
    "number": "+326113981483"
  },
  {
    "country": "Russia",
    "number": "+7335798354"
  },
  {
    "country": "South Africa",
    "number": "+27652618911"
  },
  {
    "country": "Japan",
    "number": "+81839643234"
  },
  {
    "country": "Australia",
    "number": "+613241432157"
  },
  {
    "country": "India",
    "number": "+91916567051"
  },
  {
    "country": "India",
    "number": "+9103984556"
  },
  {
    "country": "Russia",
    "number": "+773378294"
  },
  {
    "country": "Germany",
    "number": "+492049979"
  },
  {
    "country": "Sweden",
    "number": "+463213241861"
  },
  {
    "country": "India",
    "number": "+91252154279"
  },
  {
    "country": "France",
    "number": "+337985628"
  },
  {
    "country": "Mexico",
    "number": "+524432838649"
  },
  {
    "country": "South Korea",
    "number": "+82821330571"
  },
  {
    "country": "Germany",
    "number": "+49683762809"
  },
  {
    "country": "China",
    "number": "+862957347379"
  },
  {
    "country": "Canada",
    "number": "+166177903"
  },
  {
    "country": "Spain",
    "number": "+3481865859"
  },
  {
    "country": "United Kingdom",
    "number": "+440706745"
  },
  {
    "country": "Russia",
    "number": "+7861990626"
  },
  {
    "country": "Brazil",
    "number": "+552395671"
  },
  {
    "country": "Canada",
    "number": "+11740507935"
  },
  {
    "country": "Canada",
    "number": "+10161708"
  },
  {
    "country": "Japan",
    "number": "+815049252819"
  },
  {
    "country": "Spain",
    "number": "+340905889172"
  },
  {
    "country": "Germany",
    "number": "+495554737"
  },
  {
    "country": "Indonesia",
    "number": "+622753276"
  },
  {
    "country": "Philippines",
    "number": "+637954811"
  },
  {
    "country": "China",
    "number": "+86778694465"
  },
  {
    "country": "Germany",
    "number": "+4958447778"
  },
  {
    "country": "Germany",
    "number": "+49046057085"
  },
  {
    "country": "Italy",
    "number": "+394127570"
  },
  {
    "country": "Germany",
    "number": "+49059034663"
  },
  {
    "country": "India",
    "number": "+9188452466"
  },
  {
    "country": "Indonesia",
    "number": "+620052549"
  },
  {
    "country": "Germany",
    "number": "+4967717430"
  },
  {
    "country": "China",
    "number": "+86721314628"
  },
  {
    "country": "United States",
    "number": "+18122761874"
  },
  {
    "country": "Argentina",
    "number": "+5433856050"
  },
  {
    "country": "Spain",
    "number": "+3410500112"
  },
  {
    "country": "Russia",
    "number": "+78356519860"
  },
  {
    "country": "Mexico",
    "number": "+52098654173"
  },
  {
    "country": "France",
    "number": "+33950620361"
  },
  {
    "country": "Italy",
    "number": "+3905380457"
  },
  {
    "country": "Indonesia",
    "number": "+625633715920"
  },
  {
    "country": "United Arab Emirates",
    "number": "+971957248114"
  },
  {
    "country": "Netherlands",
    "number": "+31531723531"
  },
  {
    "country": "India",
    "number": "+9114671023"
  },
  {
    "country": "South Korea",
    "number": "+824323784"
  },
  {
    "country": "France",
    "number": "+333213741254"
  },
  {
    "country": "India",
    "number": "+918207163"
  },
  {
    "country": "India",
    "number": "+91684071105"
  },
  {
    "country": "South Korea",
    "number": "+820631758"
  },
  {
    "country": "Russia",
    "number": "+72272166245"
  },
  {
    "country": "France",
    "number": "+3343079999"
  },
  {
    "country": "Canada",
    "number": "+197631905"
  },
  {
    "country": "Singapore",
    "number": "+656849851530"
  },
  {
    "country": "Australia",
    "number": "+612683235"
  },
  {
    "country": "Brazil",
    "number": "+558393975286"
  },
  {
    "country": "India",
    "number": "+913044746"
  },
  {
    "country": "China",
    "number": "+8604569485"
  },
  {
    "country": "Saudi Arabia",
    "number": "+966406569168"
  },
  {
    "country": "Israel",
    "number": "+9725464521741"
  },
  {
    "country": "China",
    "number": "+86265710893"
  },
  {
    "country": "United States",
    "number": "+10728099000"
  },
  {
    "country": "Belgium",
    "number": "+32315525999"
  },
  {
    "country": "India",
    "number": "+91197275104"
  },
  {
    "country": "Brazil",
    "number": "+552193452"
  },
  {
    "country": "France",
    "number": "+332125087"
  },
  {
    "country": "Denmark",
    "number": "+450565469"
  },
  {
    "country": "China",
    "number": "+86957388372"
  },
  {
    "country": "Poland",
    "number": "+488981135978"
  },
  {
    "country": "Portugal",
    "number": "+3515062315921"
  },
  {
    "country": "Germany",
    "number": "+49807284211"
  },
  {
    "country": "China",
    "number": "+861949565"
  },
  {
    "country": "United States",
    "number": "+1854346580"
  },
  {
    "country": "Germany",
    "number": "+493658982"
  },
  {
    "country": "Russia",
    "number": "+76053207"
  },
  {
    "country": "Germany",
    "number": "+493784956"
  },
  {
    "country": "India",
    "number": "+919051491625"
  },
  {
    "country": "China",
    "number": "+864652172772"
  },
  {
    "country": "Israel",
    "number": "+9722117221456"
  },
  {
    "country": "China",
    "number": "+86941220950"
  },
  {
    "country": "United Kingdom",
    "number": "+442743767"
  },
  {
    "country": "Spain",
    "number": "+34363166206"
  },
  {
    "country": "Switzerland",
    "number": "+418430743"
  },
  {
    "country": "Colombia",
    "number": "+57894580808"
  },
  {
    "country": "South Korea",
    "number": "+822201819"
  },
  {
    "country": "Saudi Arabia",
    "number": "+9669274891451"
  },
  {
    "country": "Australia",
    "number": "+610285526831"
  },
  {
    "country": "Poland",
    "number": "+4894473941"
  },
  {
    "country": "Belgium",
    "number": "+329735366588"
  },
  {
    "country": "France",
    "number": "+3334166766"
  },
  {
    "country": "Japan",
    "number": "+8146762648"
  },
  {
    "country": "Denmark",
    "number": "+4504494145"
  },
  {
    "country": "Mexico",
    "number": "+529438791297"
  },
  {
    "country": "Turkey",
    "number": "+9081378046"
  },
  {
    "country": "Japan",
    "number": "+819224345650"
  },
  {
    "country": "Indonesia",
    "number": "+623351116385"
  },
  {
    "country": "Germany",
    "number": "+49762226888"
  },
  {
    "country": "Saudi Arabia",
    "number": "+966566941171"
  },
  {
    "country": "Argentina",
    "number": "+54128262468"
  },
  {
    "country": "Brazil",
    "number": "+55284612966"
  },
  {
    "country": "France",
    "number": "+332646224"
  },
  {
    "country": "Mexico",
    "number": "+524310433385"
  },
  {
    "country": "Spain",
    "number": "+34881844867"
  },
  {
    "country": "Netherlands",
    "number": "+318558247615"
  },
  {
    "country": "Russia",
    "number": "+71481522082"
  },
  {
    "country": "Turkey",
    "number": "+907448611"
  },
  {
    "country": "United States",
    "number": "+1191464323"
  },
  {
    "country": "Sweden",
    "number": "+46735411245"
  },
  {
    "country": "Germany",
    "number": "+4901831533"
  },
  {
    "country": "Brazil",
    "number": "+5577004663"
  },
  {
    "country": "China",
    "number": "+864639622249"
  },
  {
    "country": "Mexico",
    "number": "+525824253888"
  },
  {
    "country": "Singapore",
    "number": "+6508651106"
  },
  {
    "country": "South Africa",
    "number": "+2794572649"
  },
  {
    "country": "United States",
    "number": "+1794843829"
  },
  {
    "country": "Malaysia",
    "number": "+601479234711"
  },
  {
    "country": "United States",
    "number": "+1289403488"
  },
  {
    "country": "Finland",
    "number": "+3586432473"
  },
  {
    "country": "United Kingdom",
    "number": "+44619250798"
  },
  {
    "country": "Singapore",
    "number": "+65607529865"
  },
  {
    "country": "Canada",
    "number": "+16751069"
  },
  {
    "country": "China",
    "number": "+860271592745"
  },
  {
    "country": "Switzerland",
    "number": "+418079215341"
  },
  {
    "country": "Mexico",
    "number": "+52552852969"
  },
  {
    "country": "Japan",
    "number": "+81479702098"
  },
  {
    "country": "South Korea",
    "number": "+8267610052"
  },
  {
    "country": "China",
    "number": "+8629778419"
  },
  {
    "country": "United States",
    "number": "+19814679"
  },
  {
    "country": "Germany",
    "number": "+499801757671"
  },
  {
    "country": "United Arab Emirates",
    "number": "+971001469182"
  },
  {
    "country": "Saudi Arabia",
    "number": "+9662892631"
  },
  {
    "country": "United States",
    "number": "+13799023"
  },
  {
    "country": "Italy",
    "number": "+398340859"
  },
  {
    "country": "United Kingdom",
    "number": "+4417608375"
  },
  {
    "country": "United Kingdom",
    "number": "+449581008927"
  },
  {
    "country": "India",
    "number": "+915225532753"
  },
  {
    "country": "India",
    "number": "+91035796170"
  },
  {
    "country": "India",
    "number": "+919526001612"
  },
  {
    "country": "Spain",
    "number": "+34888857292"
  },
  {
    "country": "China",
    "number": "+86408747712"
  },
  {
    "country": "Belgium",
    "number": "+3267969933"
  },
  {
    "country": "Australia",
    "number": "+61454028865"
  },
  {
    "country": "Argentina",
    "number": "+541506843868"
  },
  {
    "country": "Malaysia",
    "number": "+603948727"
  },
  {
    "country": "Chile",
    "number": "+569659946"
  },
  {
    "country": "Poland",
    "number": "+489519778"
  },
  {
    "country": "Russia",
    "number": "+71450050489"
  },
  {
    "country": "South Africa",
    "number": "+2710284287"
  },
  {
    "country": "Australia",
    "number": "+611486981"
  },
  {
    "country": "Colombia",
    "number": "+5750169768"
  },
  {
    "country": "Argentina",
    "number": "+5466658884"
  },
  {
    "country": "Saudi Arabia",
    "number": "+9662834424"
  },
  {
    "country": "United States",
    "number": "+15145005436"
  },
  {
    "country": "Indonesia",
    "number": "+623375720648"
  },
  {
    "country": "Brazil",
    "number": "+5540591560"
  },
  {
    "country": "Canada",
    "number": "+16798410"
  },
  {
    "country": "Denmark",
    "number": "+450226903987"
  },
  {
    "country": "France",
    "number": "+33954878665"
  },
  {
    "country": "Chile",
    "number": "+5622327817"
  },
  {
    "country": "Russia",
    "number": "+724514794"
  },
  {
    "country": "Italy",
    "number": "+3945054673"
  },
  {
    "country": "Portugal",
    "number": "+3513988577"
  },
  {
    "country": "Italy",
    "number": "+393474166924"
  },
  {
    "country": "Greece",
    "number": "+307728111"
  },
  {
    "country": "Canada",
    "number": "+1518529130"
  },
  {
    "country": "United Kingdom",
    "number": "+44951133440"
  },
  {
    "country": "Russia",
    "number": "+79698470"
  },
  {
    "country": "Germany",
    "number": "+49018336805"
  },
  {
    "country": "Spain",
    "number": "+34622744696"
  },
  {
    "country": "United Kingdom",
    "number": "+441367634018"
  },
  {
    "country": "Italy",
    "number": "+396679681806"
  },
  {
    "country": "Italy",
    "number": "+399318440949"
  },
  {
    "country": "Japan",
    "number": "+819205498701"
  },
  {
    "country": "France",
    "number": "+33363668716"
  },
  {
    "country": "Brazil",
    "number": "+55923063001"
  },
  {
    "country": "Indonesia",
    "number": "+620584185"
  },
  {
    "country": "China",
    "number": "+862694792"
  },
  {
    "country": "Spain",
    "number": "+340845959229"
  },
  {
    "country": "Germany",
    "number": "+497102021155"
  },
  {
    "country": "India",
    "number": "+911274656548"
  },
  {
    "country": "India",
    "number": "+9114045748"
  },
  {
    "country": "Japan",
    "number": "+813355550"
  },
  {
    "country": "United Kingdom",
    "number": "+440892880501"
  },
  {
    "country": "Italy",
    "number": "+39753023920"
  },
  {
    "country": "United States",
    "number": "+10238247"
  },
  {
    "country": "Belgium",
    "number": "+32947268098"
  },
  {
    "country": "India",
    "number": "+91686346691"
  },
  {
    "country": "Germany",
    "number": "+49529957140"
  },
  {
    "country": "South Africa",
    "number": "+278201189"
  },
  {
    "country": "Indonesia",
    "number": "+6258177389"
  },
  {
    "country": "Turkey",
    "number": "+902669772437"
  },
  {
    "country": "India",
    "number": "+9130703215"
  },
  {
    "country": "France",
    "number": "+3394895872"
  },
  {
    "country": "United States",
    "number": "+19485486475"
  },
  {
    "country": "Italy",
    "number": "+3969300164"
  },
  {
    "country": "Switzerland",
    "number": "+417399309270"
  },
  {
    "country": "United States",
    "number": "+1969504404"
  },
  {
    "country": "South Korea",
    "number": "+824198727019"
  },
  {
    "country": "South Africa",
    "number": "+27300964157"
  },
  {
    "country": "Italy",
    "number": "+393790494863"
  },
  {
    "country": "Italy",
    "number": "+397449866533"
  },
  {
    "country": "Mexico",
    "number": "+52414310252"
  },
  {
    "country": "Russia",
    "number": "+72860249"
  },
  {
    "country": "Portugal",
    "number": "+3512677924448"
  },
  {
    "country": "United Kingdom",
    "number": "+447560070729"
  },
  {
    "country": "Switzerland",
    "number": "+410491178"
  },
  {
    "country": "South Korea",
    "number": "+826939460"
  },
  {
    "country": "Spain",
    "number": "+34101259505"
  },
  {
    "country": "Brazil",
    "number": "+551239504264"
  },
  {
    "country": "Argentina",
    "number": "+5496708017"
  },
  {
    "country": "India",
    "number": "+91025492442"
  },
  {
    "country": "Austria",
    "number": "+43292154960"
  },
  {
    "country": "Belgium",
    "number": "+3218615125"
  },
  {
    "country": "Spain",
    "number": "+341126697002"
  },
  {
    "country": "Brazil",
    "number": "+55613726698"
  },
  {
    "country": "France",
    "number": "+33435841754"
  },
  {
    "country": "Argentina",
    "number": "+54981700985"
  },
  {
    "country": "India",
    "number": "+910276853692"
  },
  {
    "country": "United States",
    "number": "+1779922360"
  },
  {
    "country": "China",
    "number": "+869344183594"
  },
  {
    "country": "United States",
    "number": "+1135248953"
  },
  {
    "country": "Australia",
    "number": "+61738948039"
  },
  {
    "country": "Japan",
    "number": "+811704387767"
  },
  {
    "country": "Poland",
    "number": "+4861091822"
  },
  {
    "country": "Spain",
    "number": "+345574140"
  },
  {
    "country": "Japan",
    "number": "+818433343"
  },
  {
    "country": "France",
    "number": "+3336976855"
  },
  {
    "country": "United States",
    "number": "+17852869"
  },
  {
    "country": "Japan",
    "number": "+818281399144"
  },
  {
    "country": "France",
    "number": "+33633159921"
  },
  {
    "country": "China",
    "number": "+866551214589"
  },
  {
    "country": "Japan",
    "number": "+81649659933"
  },
  {
    "country": "China",
    "number": "+86379927330"
  },
  {
    "country": "Spain",
    "number": "+34866651129"
  },
  {
    "country": "Russia",
    "number": "+7813680752"
  },
  {
    "country": "China",
    "number": "+860447306426"
  },
  {
    "country": "Sweden",
    "number": "+46642241706"
  },
  {
    "country": "Japan",
    "number": "+819782661"
  },
  {
    "country": "Chile",
    "number": "+56097448761"
  },
  {
    "country": "Japan",
    "number": "+819665315738"
  },
  {
    "country": "Japan",
    "number": "+813333636336"
  },
  {
    "country": "United Kingdom",
    "number": "+44330561647"
  },
  {
    "country": "Canada",
    "number": "+16260670620"
  },
  {
    "country": "China",
    "number": "+8646750062"
  },
  {
    "country": "Germany",
    "number": "+499109792402"
  },
  {
    "country": "Poland",
    "number": "+48400240679"
  },
  {
    "country": "Spain",
    "number": "+34541235071"
  },
  {
    "country": "Brazil",
    "number": "+554812351"
  },
  {
    "country": "Mexico",
    "number": "+5201238238"
  },
  {
    "country": "Japan",
    "number": "+811745905"
  },
  {
    "country": "United States",
    "number": "+10068338543"
  },
  {
    "country": "Chile",
    "number": "+5683426559"
  },
  {
    "country": "Germany",
    "number": "+492958686"
  },
  {
    "country": "United Arab Emirates",
    "number": "+971848710726"
  },
  {
    "country": "India",
    "number": "+918065480"
  },
  {
    "country": "France",
    "number": "+3348122140"
  },
  {
    "country": "South Korea",
    "number": "+8280482620"
  },
  {
    "country": "Germany",
    "number": "+4909785119"
  },
  {
    "country": "Canada",
    "number": "+19798091"
  },
  {
    "country": "Indonesia",
    "number": "+62788799554"
  },
  {
    "country": "Indonesia",
    "number": "+621628644"
  },
  {
    "country": "United States",
    "number": "+1275023199"
  },
  {
    "country": "Chile",
    "number": "+56147780781"
  },
  {
    "country": "Switzerland",
    "number": "+413444457007"
  },
  {
    "country": "United States",
    "number": "+1977848846"
  },
  {
    "country": "Colombia",
    "number": "+57885485239"
  },
  {
    "country": "Switzerland",
    "number": "+41628877703"
  },
  {
    "country": "United States",
    "number": "+10421498445"
  },
  {
    "country": "Australia",
    "number": "+613511293115"
  },
  {
    "country": "Mexico",
    "number": "+529161563"
  },
  {
    "country": "Russia",
    "number": "+70300642217"
  },
  {
    "country": "China",
    "number": "+8680938364"
  },
  {
    "country": "China",
    "number": "+86827969852"
  },
  {
    "country": "India",
    "number": "+91466879671"
  },
  {
    "country": "China",
    "number": "+8679937833"
  },
  {
    "country": "Sweden",
    "number": "+46924834863"
  },
  {
    "country": "Brazil",
    "number": "+55066867090"
  },
  {
    "country": "Belgium",
    "number": "+329676255"
  },
  {
    "country": "Brazil",
    "number": "+5517880544"
  },
  {
    "country": "Denmark",
    "number": "+455928574155"
  },
  {
    "country": "India",
    "number": "+915987522"
  },
  {
    "country": "Canada",
    "number": "+1561579501"
  },
  {
    "country": "Sweden",
    "number": "+46678662063"
  },
  {
    "country": "Austria",
    "number": "+431843765851"
  },
  {
    "country": "China",
    "number": "+86182865137"
  },
  {
    "country": "United Kingdom",
    "number": "+4470642588"
  },
  {
    "country": "Austria",
    "number": "+434943607"
  },
  {
    "country": "Argentina",
    "number": "+546693618010"
  },
  {
    "country": "India",
    "number": "+916398300"
  },
  {
    "country": "South Korea",
    "number": "+829381076079"
  },
  {
    "country": "Turkey",
    "number": "+90232450589"
  },
  {
    "country": "Brazil",
    "number": "+55046691980"
  },
  {
    "country": "United States",
    "number": "+11797176"
  },
  {
    "country": "India",
    "number": "+9143779728"
  },
  {
    "country": "Singapore",
    "number": "+6520903421"
  },
  {
    "country": "France",
    "number": "+337598888981"
  },
  {
    "country": "France",
    "number": "+33057488071"
  },
  {
    "country": "Sweden",
    "number": "+462826355"
  },
  {
    "country": "Turkey",
    "number": "+904468480"
  },
  {
    "country": "Japan",
    "number": "+81849313204"
  },
  {
    "country": "Spain",
    "number": "+340693672"
  },
  {
    "country": "United States",
    "number": "+1611284027"
  },
  {
    "country": "Spain",
    "number": "+34329739978"
  },
  {
    "country": "United Kingdom",
    "number": "+448977639"
  },
  {
    "country": "France",
    "number": "+33863404100"
  },
  {
    "country": "United Kingdom",
    "number": "+4445896042"
  },
  {
    "country": "Japan",
    "number": "+8149680482"
  },
  {
    "country": "Denmark",
    "number": "+4515839996"
  },
  {
    "country": "China",
    "number": "+869285807"
  },
  {
    "country": "India",
    "number": "+91412700284"
  },
  {
    "country": "Mexico",
    "number": "+526660908"
  },
  {
    "country": "Brazil",
    "number": "+55318820705"
  },
  {
    "country": "United Kingdom",
    "number": "+442650956426"
  },
  {
    "country": "China",
    "number": "+866106532595"
  },
  {
    "country": "India",
    "number": "+91907546356"
  },
  {
    "country": "Japan",
    "number": "+811187643759"
  },
  {
    "country": "France",
    "number": "+3388904359"
  },
  {
    "country": "Brazil",
    "number": "+553430072"
  },
  {
    "country": "Mexico",
    "number": "+528932613"
  },
  {
    "country": "France",
    "number": "+336226877456"
  },
  {
    "country": "France",
    "number": "+33842196608"
  },
  {
    "country": "India",
    "number": "+911382264058"
  },
  {
    "country": "United Arab Emirates",
    "number": "+971494201735"
  },
  {
    "country": "Australia",
    "number": "+615559694003"
  },
  {
    "country": "United States",
    "number": "+12946150"
  },
  {
    "country": "Japan",
    "number": "+81077122306"
  },
  {
    "country": "Russia",
    "number": "+73426056271"
  },
  {
    "country": "Poland",
    "number": "+485794909"
  },
  {
    "country": "United States",
    "number": "+1709078328"
  },
  {
    "country": "India",
    "number": "+9114428059"
  },
  {
    "country": "China",
    "number": "+8698085119"
  },
  {
    "country": "Switzerland",
    "number": "+4169165082"
  },
  {
    "country": "United States",
    "number": "+1415681219"
  },
  {
    "country": "United States",
    "number": "+182809766"
  },
  {
    "country": "United States",
    "number": "+1971121592"
  },
  {
    "country": "Indonesia",
    "number": "+620232615823"
  },
  {
    "country": "United States",
    "number": "+143583311"
  },
  {
    "country": "United States",
    "number": "+14451334511"
  },
  {
    "country": "Poland",
    "number": "+483329729725"
  },
  {
    "country": "France",
    "number": "+332682212"
  },
  {
    "country": "South Africa",
    "number": "+2716672470"
  },
  {
    "country": "China",
    "number": "+860468723714"
  },
  {
    "country": "Saudi Arabia",
    "number": "+96664120196"
  },
  {
    "country": "India",
    "number": "+91508070667"
  },
  {
    "country": "United States",
    "number": "+119629406"
  },
  {
    "country": "United Kingdom",
    "number": "+4474496735"
  },
  {
    "country": "Saudi Arabia",
    "number": "+9663046460"
  },
  {
    "country": "Netherlands",
    "number": "+3109910498"
  },
  {
    "country": "Malaysia",
    "number": "+6021993488"
  },
  {
    "country": "Portugal",
    "number": "+35152676545"
  },
  {
    "country": "Russia",
    "number": "+77668798"
  },
  {
    "country": "Canada",
    "number": "+1592950546"
  },
  {
    "country": "United Kingdom",
    "number": "+4404841484"
  },
  {
    "country": "Russia",
    "number": "+753491267"
  },
  {
    "country": "Spain",
    "number": "+347068869"
  },
  {
    "country": "Spain",
    "number": "+345182686925"
  },
  {
    "country": "United Kingdom",
    "number": "+44429957761"
  },
  {
    "country": "South Korea",
    "number": "+8264431418"
  },
  {
    "country": "Saudi Arabia",
    "number": "+9661598255920"
  },
  {
    "country": "Mexico",
    "number": "+527977426"
  },
  {
    "country": "Spain",
    "number": "+344970000880"
  },
  {
    "country": "Australia",
    "number": "+610752908"
  },
  {
    "country": "China",
    "number": "+862134434"
  },
  {
    "country": "Indonesia",
    "number": "+62445333082"
  },
  {
    "country": "Spain",
    "number": "+34583637525"
  },
  {
    "country": "Sweden",
    "number": "+46891463257"
  },
  {
    "country": "Turkey",
    "number": "+90599670438"
  },
  {
    "country": "Poland",
    "number": "+48967914904"
  },
  {
    "country": "Indonesia",
    "number": "+62790113611"
  },
  {
    "country": "United States",
    "number": "+119295092"
  },
  {
    "country": "United States",
    "number": "+171065993"
  },
  {
    "country": "Canada",
    "number": "+177796341"
  },
  {
    "country": "Colombia",
    "number": "+5768701241"
  },
  {
    "country": "South Korea",
    "number": "+82311506391"
  },
  {
    "country": "Spain",
    "number": "+345710041"
  },
  {
    "country": "Canada",
    "number": "+15591245639"
  },
  {
    "country": "Brazil",
    "number": "+5595256845"
  },
  {
    "country": "United Kingdom",
    "number": "+446199195645"
  },
  {
    "country": "Brazil",
    "number": "+557974666"
  },
  {
    "country": "China",
    "number": "+86267398206"
  },
  {
    "country": "France",
    "number": "+3329646146"
  },
  {
    "country": "Russia",
    "number": "+7746601478"
  },
  {
    "country": "Italy",
    "number": "+3946896198"
  },
  {
    "country": "Netherlands",
    "number": "+315099829"
  },
  {
    "country": "Russia",
    "number": "+71485210"
  },
  {
    "country": "United States",
    "number": "+15573600"
  },
  {
    "country": "Spain",
    "number": "+34101060744"
  },
  {
    "country": "United States",
    "number": "+100018654"
  },
  {
    "country": "India",
    "number": "+913820294"
  },
  {
    "country": "Japan",
    "number": "+817867799800"
  },
  {
    "country": "United States",
    "number": "+15897401"
  },
  {
    "country": "Russia",
    "number": "+74807869"
  },
  {
    "country": "India",
    "number": "+919893559"
  },
  {
    "country": "United States",
    "number": "+187527070"
  },
  {
    "country": "Portugal",
    "number": "+3510070885"
  },
  {
    "country": "Mexico",
    "number": "+521066645168"
  },
  {
    "country": "Argentina",
    "number": "+549599103"
  },
  {
    "country": "Spain",
    "number": "+3406502297"
  },
  {
    "country": "Germany",
    "number": "+498726148"
  },
  {
    "country": "Brazil",
    "number": "+55791479764"
  },
  {
    "country": "South Africa",
    "number": "+279446903959"
  },
  {
    "country": "Germany",
    "number": "+4942058360"
  },
  {
    "country": "Canada",
    "number": "+11782332"
  },
  {
    "country": "Argentina",
    "number": "+54637296254"
  },
  {
    "country": "United States",
    "number": "+18436746668"
  },
  {
    "country": "France",
    "number": "+335184562788"
  },
  {
    "country": "Spain",
    "number": "+3482838529"
  },
  {
    "country": "United States",
    "number": "+192771308"
  },
  {
    "country": "Japan",
    "number": "+8134976551"
  },
  {
    "country": "Netherlands",
    "number": "+3160106119"
  },
  {
    "country": "France",
    "number": "+339036125486"
  },
  {
    "country": "United Kingdom",
    "number": "+447773549091"
  },
  {
    "country": "China",
    "number": "+860455919"
  },
  {
    "country": "China",
    "number": "+868700007"
  },
  {
    "country": "Spain",
    "number": "+349658255787"
  },
  {
    "country": "France",
    "number": "+33683161423"
  },
  {
    "country": "Poland",
    "number": "+482370163"
  },
  {
    "country": "Australia",
    "number": "+614733169008"
  },
  {
    "country": "Italy",
    "number": "+3953841340"
  },
  {
    "country": "Germany",
    "number": "+4923170376"
  },
  {
    "country": "United States",
    "number": "+1165899557"
  },
  {
    "country": "United Kingdom",
    "number": "+4452256203"
  },
  {
    "country": "Spain",
    "number": "+344727474427"
  },
  {
    "country": "Malaysia",
    "number": "+6075333648"
  },
  {
    "country": "Portugal",
    "number": "+3517370491827"
  },
  {
    "country": "Russia",
    "number": "+7203420646"
  },
  {
    "country": "Germany",
    "number": "+49979396258"
  },
  {
    "country": "India",
    "number": "+911843047"
  },
  {
    "country": "India",
    "number": "+9160628495"
  },
  {
    "country": "United Kingdom",
    "number": "+441581995"
  },
  {
    "country": "India",
    "number": "+9173255657"
  },
  {
    "country": "Australia",
    "number": "+61380255433"
  },
  {
    "country": "Belgium",
    "number": "+3297490218"
  },
  {
    "country": "Chile",
    "number": "+5693335525"
  },
  {
    "country": "Australia",
    "number": "+615613557"
  },
  {
    "country": "Switzerland",
    "number": "+41066806828"
  },
  {
    "country": "Russia",
    "number": "+7399995210"
  },
  {
    "country": "Germany",
    "number": "+499689215358"
  },
  {
    "country": "Brazil",
    "number": "+5576305935"
  },
  {
    "country": "South Korea",
    "number": "+824498973"
  },
  {
    "country": "France",
    "number": "+33573494555"
  },
  {
    "country": "United States",
    "number": "+1125447029"
  },
  {
    "country": "Japan",
    "number": "+81221274746"
  },
  {
    "country": "Mexico",
    "number": "+525293219"
  },
  {
    "country": "Argentina",
    "number": "+5438394881"
  },
  {
    "country": "Japan",
    "number": "+812268032"
  },
  {
    "country": "Russia",
    "number": "+7057538498"
  },
  {
    "country": "Switzerland",
    "number": "+4104003512"
  },
  {
    "country": "Indonesia",
    "number": "+624658777347"
  },
  {
    "country": "China",
    "number": "+867005196713"
  },
  {
    "country": "China",
    "number": "+8634371890"
  },
  {
    "country": "United States",
    "number": "+104228748"
  },
  {
    "country": "Canada",
    "number": "+112957669"
  },
  {
    "country": "Netherlands",
    "number": "+31577057214"
  },
  {
    "country": "Poland",
    "number": "+488989325"
  },
  {
    "country": "United States",
    "number": "+100463335"
  },
  {
    "country": "Japan",
    "number": "+8114385888"
  },
  {
    "country": "Japan",
    "number": "+819849655958"
  },
  {
    "country": "United Kingdom",
    "number": "+445079197"
  },
  {
    "country": "Italy",
    "number": "+39866550584"
  },
  {
    "country": "Japan",
    "number": "+817264942"
  },
  {
    "country": "United States",
    "number": "+142409572"
  },
  {
    "country": "South Korea",
    "number": "+8236818016"
  },
  {
    "country": "Ireland",
    "number": "+35312606202"
  },
  {
    "country": "Mexico",
    "number": "+5281614450"
  },
  {
    "country": "Italy",
    "number": "+3949107094"
  },
  {
    "country": "Germany",
    "number": "+497216579487"
  },
  {
    "country": "United States",
    "number": "+13534373820"
  },
  {
    "country": "Netherlands",
    "number": "+314845325525"
  },
  {
    "country": "Germany",
    "number": "+493700600064"
  },
  {
    "country": "Turkey",
    "number": "+901142633"
  },
  {
    "country": "China",
    "number": "+86995768219"
  },
  {
    "country": "Canada",
    "number": "+18203770"
  },
  {
    "country": "Brazil",
    "number": "+555955961"
  },
  {
    "country": "Chile",
    "number": "+56677064579"
  },
  {
    "country": "Australia",
    "number": "+61652288378"
  },
  {
    "country": "Russia",
    "number": "+72626983"
  },
  {
    "country": "Mexico",
    "number": "+527212201468"
  },
  {
    "country": "India",
    "number": "+915679819663"
  },
  {
    "country": "Japan",
    "number": "+810802198"
  },
  {
    "country": "Mexico",
    "number": "+523100633"
  },
  {
    "country": "United States",
    "number": "+13677011311"
  },
  {
    "country": "China",
    "number": "+860968235"
  },
  {
    "country": "Japan",
    "number": "+81752079486"
  },
  {
    "country": "United States",
    "number": "+10133243035"
  },
  {
    "country": "Spain",
    "number": "+344364729459"
  },
  {
    "country": "China",
    "number": "+860933250482"
  },
  {
    "country": "China",
    "number": "+86363679466"
  },
  {
    "country": "Malaysia",
    "number": "+60819991708"
  },
  {
    "country": "Mexico",
    "number": "+52672167441"
  },
  {
    "country": "Saudi Arabia",
    "number": "+966947552718"
  },
  {
    "country": "United States",
    "number": "+170616373"
  },
  {
    "country": "Russia",
    "number": "+7992553094"
  },
  {
    "country": "Canada",
    "number": "+19418393010"
  },
  {
    "country": "Australia",
    "number": "+614493939"
  },
  {
    "country": "Germany",
    "number": "+499859621"
  },
  {
    "country": "Germany",
    "number": "+4994846170"
  },
  {
    "country": "Germany",
    "number": "+4922451450"
  },
  {
    "country": "Russia",
    "number": "+72403953422"
  },
  {
    "country": "South Korea",
    "number": "+8211644852"
  },
  {
    "country": "Germany",
    "number": "+498792966660"
  },
  {
    "country": "Germany",
    "number": "+4954119477"
  },
  {
    "country": "Canada",
    "number": "+14325593235"
  },
  {
    "country": "Colombia",
    "number": "+5796357513"
  },
  {
    "country": "United Kingdom",
    "number": "+44568969088"
  },
  {
    "country": "Greece",
    "number": "+300339002"
  },
  {
    "country": "Brazil",
    "number": "+55945263881"
  },
  {
    "country": "Germany",
    "number": "+499125346"
  },
  {
    "country": "United States",
    "number": "+1992829265"
  },
  {
    "country": "Saudi Arabia",
    "number": "+9667908224474"
  },
  {
    "country": "Saudi Arabia",
    "number": "+96648058764"
  },
  {
    "country": "Japan",
    "number": "+8175554968"
  },
  {
    "country": "China",
    "number": "+86272452442"
  },
  {
    "country": "Japan",
    "number": "+81588993169"
  },
  {
    "country": "United Kingdom",
    "number": "+4423731757"
  },
  {
    "country": "United Arab Emirates",
    "number": "+9718117267"
  },
  {
    "country": "Chile",
    "number": "+562639780527"
  },
  {
    "country": "Indonesia",
    "number": "+6223527824"
  },
  {
    "country": "Canada",
    "number": "+1370553709"
  },
  {
    "country": "Japan",
    "number": "+8181169732"
  },
  {
    "country": "Switzerland",
    "number": "+416214131023"
  },
  {
    "country": "Turkey",
    "number": "+90698759284"
  },
  {
    "country": "United States",
    "number": "+12065429"
  },
  {
    "country": "Austria",
    "number": "+437079997663"
  },
  {
    "country": "United Kingdom",
    "number": "+440187633466"
  },
  {
    "country": "Canada",
    "number": "+1739696666"
  },
  {
    "country": "Mexico",
    "number": "+5287208211"
  },
  {
    "country": "Colombia",
    "number": "+5700432057"
  },
  {
    "country": "Saudi Arabia",
    "number": "+966743443558"
  },
  {
    "country": "Indonesia",
    "number": "+621890316"
  },
  {
    "country": "Israel",
    "number": "+9728449525955"
  },
  {
    "country": "Spain",
    "number": "+34647935487"
  },
  {
    "country": "Philippines",
    "number": "+630295616"
  },
  {
    "country": "Poland",
    "number": "+48796988644"
  },
  {
    "country": "United States",
    "number": "+190260872"
  },
  {
    "country": "Argentina",
    "number": "+549735835"
  },
  {
    "country": "India",
    "number": "+913164227"
  },
  {
    "country": "Russia",
    "number": "+76350406"
  },
  {
    "country": "Italy",
    "number": "+3968045470"
  },
  {
    "country": "Brazil",
    "number": "+55737921793"
  },
  {
    "country": "Argentina",
    "number": "+5434285287"
  },
  {
    "country": "China",
    "number": "+865177811205"
  },
  {
    "country": "Italy",
    "number": "+3992924027"
  },
  {
    "country": "China",
    "number": "+861802302553"
  },
  {
    "country": "United States",
    "number": "+189499896"
  },
  {
    "country": "Brazil",
    "number": "+5509148160"
  },
  {
    "country": "China",
    "number": "+86664302778"
  },
  {
    "country": "Germany",
    "number": "+497552975016"
  },
  {
    "country": "Ireland",
    "number": "+353142278048"
  },
  {
    "country": "United Kingdom",
    "number": "+442141645"
  },
  {
    "country": "China",
    "number": "+865748486180"
  },
  {
    "country": "Netherlands",
    "number": "+3158250060"
  },
  {
    "country": "Indonesia",
    "number": "+621278210658"
  },
  {
    "country": "Spain",
    "number": "+340876809269"
  },
  {
    "country": "India",
    "number": "+913290642045"
  },
  {
    "country": "Mexico",
    "number": "+529381348"
  },
  {
    "country": "Indonesia",
    "number": "+62615862274"
  },
  {
    "country": "Japan",
    "number": "+810259450340"
  },
  {
    "country": "Belgium",
    "number": "+322666476451"
  },
  {
    "country": "United Kingdom",
    "number": "+44716033651"
  },
  {
    "country": "United Kingdom",
    "number": "+445115069455"
  },
  {
    "country": "Brazil",
    "number": "+556688073"
  },
  {
    "country": "South Korea",
    "number": "+8293649530"
  },
  {
    "country": "Germany",
    "number": "+494227722"
  },
  {
    "country": "China",
    "number": "+864769993"
  },
  {
    "country": "Japan",
    "number": "+816384303"
  },
  {
    "country": "China",
    "number": "+8652950690"
  },
  {
    "country": "United Kingdom",
    "number": "+447881122234"
  },
  {
    "country": "United Kingdom",
    "number": "+4476524734"
  },
  {
    "country": "China",
    "number": "+86506574465"
  },
  {
    "country": "Indonesia",
    "number": "+625136381"
  },
  {
    "country": "South Korea",
    "number": "+82149513955"
  },
  {
    "country": "Netherlands",
    "number": "+318861195"
  },
  {
    "country": "Japan",
    "number": "+81618265426"
  },
  {
    "country": "Italy",
    "number": "+39776903304"
  },
  {
    "country": "Japan",
    "number": "+812170636564"
  },
  {
    "country": "Italy",
    "number": "+3903707193"
  },
  {
    "country": "India",
    "number": "+918190210"
  },
  {
    "country": "Italy",
    "number": "+391655723788"
  },
  {
    "country": "Spain",
    "number": "+34411406081"
  },
  {
    "country": "Australia",
    "number": "+614138325"
  },
  {
    "country": "Brazil",
    "number": "+556899593"
  },
  {
    "country": "Australia",
    "number": "+61392550336"
  },
  {
    "country": "Italy",
    "number": "+395087417"
  },
  {
    "country": "Poland",
    "number": "+488765995"
  },
  {
    "country": "Italy",
    "number": "+398743514526"
  },
  {
    "country": "India",
    "number": "+9187881835"
  },
  {
    "country": "China",
    "number": "+867595050"
  },
  {
    "country": "China",
    "number": "+860970300"
  },
  {
    "country": "Switzerland",
    "number": "+414395427535"
  },
  {
    "country": "Turkey",
    "number": "+9017618990"
  },
  {
    "country": "Ireland",
    "number": "+3531600714745"
  },
  {
    "country": "Spain",
    "number": "+341023663829"
  },
  {
    "country": "Italy",
    "number": "+390725415"
  },
  {
    "country": "Italy",
    "number": "+3964138176"
  },
  {
    "country": "India",
    "number": "+91966558279"
  },
  {
    "country": "South Korea",
    "number": "+8224659834"
  },
  {
    "country": "France",
    "number": "+334388634930"
  },
  {
    "country": "United Kingdom",
    "number": "+443885622070"
  },
  {
    "country": "Australia",
    "number": "+6100789236"
  },
  {
    "country": "Mexico",
    "number": "+52129767435"
  },
  {
    "country": "China",
    "number": "+8691457471"
  },
  {
    "country": "United Kingdom",
    "number": "+4459527185"
  },
  {
    "country": "France",
    "number": "+337439590003"
  },
  {
    "country": "Germany",
    "number": "+4996609285"
  },
  {
    "country": "Netherlands",
    "number": "+310140794"
  },
  {
    "country": "Canada",
    "number": "+10754084828"
  },
  {
    "country": "Japan",
    "number": "+81079634651"
  },
  {
    "country": "Japan",
    "number": "+81115947838"
  },
  {
    "country": "Australia",
    "number": "+611917076390"
  },
  {
    "country": "Russia",
    "number": "+75772460595"
  },
  {
    "country": "Portugal",
    "number": "+3513646788040"
  },
  {
    "country": "Australia",
    "number": "+618448950"
  },
  {
    "country": "United States",
    "number": "+19827474175"
  },
  {
    "country": "Brazil",
    "number": "+5585839981"
  },
  {
    "country": "India",
    "number": "+917952556478"
  },
  {
    "country": "Germany",
    "number": "+497276477"
  },
  {
    "country": "China",
    "number": "+863478804193"
  },
  {
    "country": "Germany",
    "number": "+494220818241"
  },
  {
    "country": "Japan",
    "number": "+8105999395"
  },
  {
    "country": "United States",
    "number": "+13857707"
  },
  {
    "country": "Japan",
    "number": "+8142745133"
  },
  {
    "country": "Brazil",
    "number": "+558892755"
  },
  {
    "country": "United States",
    "number": "+19593899"
  },
  {
    "country": "Chile",
    "number": "+565263812"
  },
  {
    "country": "Brazil",
    "number": "+559092390"
  },
  {
    "country": "India",
    "number": "+91350207205"
  },
  {
    "country": "France",
    "number": "+338903715434"
  },
  {
    "country": "United Kingdom",
    "number": "+448627880"
  },
  {
    "country": "Germany",
    "number": "+49759135525"
  },
  {
    "country": "Australia",
    "number": "+6114985269"
  },
  {
    "country": "Greece",
    "number": "+30100007273"
  },
  {
    "country": "France",
    "number": "+335355386"
  },
  {
    "country": "United Arab Emirates",
    "number": "+9711748666"
  },
  {
    "country": "Ireland",
    "number": "+3531082028850"
  },
  {
    "country": "Denmark",
    "number": "+45463908697"
  },
  {
    "country": "Spain",
    "number": "+3447359738"
  },
  {
    "country": "India",
    "number": "+9147031065"
  },
  {
    "country": "Italy",
    "number": "+398269082"
  },
  {
    "country": "Canada",
    "number": "+18021919"
  },
  {
    "country": "China",
    "number": "+8683938187"
  },
  {
    "country": "Germany",
    "number": "+499764726862"
  },
  {
    "country": "Brazil",
    "number": "+55304868948"
  },
  {
    "country": "Spain",
    "number": "+3466528361"
  },
  {
    "country": "Spain",
    "number": "+3417654506"
  },
  {
    "country": "United States",
    "number": "+12693068574"
  },
  {
    "country": "South Korea",
    "number": "+825549267"
  },
  {
    "country": "Brazil",
    "number": "+555239133"
  },
  {
    "country": "Portugal",
    "number": "+351990949186"
  },
  {
    "country": "Japan",
    "number": "+81574406557"
  },
  {
    "country": "Russia",
    "number": "+7216753382"
  },
  {
    "country": "Canada",
    "number": "+11591480"
  },
  {
    "country": "Russia",
    "number": "+791348288"
  },
  {
    "country": "Italy",
    "number": "+399873129430"
  },
  {
    "country": "China",
    "number": "+86845338891"
  },
  {
    "country": "France",
    "number": "+33016751432"
  },
  {
    "country": "Germany",
    "number": "+49892047730"
  },
  {
    "country": "Australia",
    "number": "+6177437905"
  },
  {
    "country": "United States",
    "number": "+1292335743"
  },
  {
    "country": "India",
    "number": "+913119385"
  },
  {
    "country": "Canada",
    "number": "+182989164"
  },
  {
    "country": "Turkey",
    "number": "+90283881095"
  },
  {
    "country": "South Africa",
    "number": "+2747634851"
  },
  {
    "country": "United Kingdom",
    "number": "+44367137684"
  },
  {
    "country": "India",
    "number": "+914239289263"
  },
  {
    "country": "India",
    "number": "+915286224891"
  },
  {
    "country": "China",
    "number": "+868555075711"
  },
  {
    "country": "India",
    "number": "+9177517912"
  },
  {
    "country": "South Africa",
    "number": "+275648066"
  },
  {
    "country": "Japan",
    "number": "+811786799"
  },
  {
    "country": "Netherlands",
    "number": "+3101152979"
  },
  {
    "country": "Australia",
    "number": "+618981272"
  },
  {
    "country": "Canada",
    "number": "+10639766064"
  },
  {
    "country": "Denmark",
    "number": "+454227347"
  },
  {
    "country": "India",
    "number": "+915567751606"
  },
  {
    "country": "France",
    "number": "+338442185"
  },
  {
    "country": "Russia",
    "number": "+716071507"
  },
  {
    "country": "China",
    "number": "+862392683263"
  },
  {
    "country": "Australia",
    "number": "+612882018"
  },
  {
    "country": "United Kingdom",
    "number": "+44850945430"
  },
  {
    "country": "Germany",
    "number": "+49522859177"
  },
  {
    "country": "Germany",
    "number": "+4934781753"
  },
  {
    "country": "Chile",
    "number": "+56068833864"
  },
  {
    "country": "Spain",
    "number": "+343131611607"
  },
  {
    "country": "Spain",
    "number": "+345908064"
  },
  {
    "country": "Denmark",
    "number": "+459405774"
  },
  {
    "country": "Netherlands",
    "number": "+318009317"
  },
  {
    "country": "Sweden",
    "number": "+461879003"
  },
  {
    "country": "United States",
    "number": "+16264592"
  },
  {
    "country": "Portugal",
    "number": "+351516148109"
  },
  {
    "country": "Germany",
    "number": "+492437834229"
  },
  {
    "country": "Argentina",
    "number": "+547079766667"
  },
  {
    "country": "Spain",
    "number": "+34573222400"
  },
  {
    "country": "Australia",
    "number": "+616775260"
  },
  {
    "country": "China",
    "number": "+86404242708"
  },
  {
    "country": "Poland",
    "number": "+484961819"
  },
  {
    "country": "China",
    "number": "+86416652936"
  },
  {
    "country": "Singapore",
    "number": "+6561024064"
  },
  {
    "country": "France",
    "number": "+3306385169"
  },
  {
    "country": "China",
    "number": "+8616084649"
  },
  {
    "country": "United Kingdom",
    "number": "+440829816765"
  },
  {
    "country": "Saudi Arabia",
    "number": "+966255561027"
  },
  {
    "country": "Canada",
    "number": "+167641931"
  },
  {
    "country": "Brazil",
    "number": "+559368676"
  },
  {
    "country": "Saudi Arabia",
    "number": "+9666947862929"
  },
  {
    "country": "Poland",
    "number": "+4830525324"
  },
  {
    "country": "India",
    "number": "+917535530"
  },
  {
    "country": "Canada",
    "number": "+18657661854"
  },
  {
    "country": "Italy",
    "number": "+3902554429"
  },
  {
    "country": "Brazil",
    "number": "+553507133127"
  },
  {
    "country": "Brazil",
    "number": "+555723344"
  },
  {
    "country": "Poland",
    "number": "+4885322397"
  },
  {
    "country": "Turkey",
    "number": "+90534008024"
  },
  {
    "country": "China",
    "number": "+866049271137"
  },
  {
    "country": "United Kingdom",
    "number": "+44972072188"
  },
  {
    "country": "Saudi Arabia",
    "number": "+966073332597"
  },
  {
    "country": "Canada",
    "number": "+1842307782"
  },
  {
    "country": "Germany",
    "number": "+494227489451"
  },
  {
    "country": "Chile",
    "number": "+5608481490"
  },
  {
    "country": "Chile",
    "number": "+5606406344"
  },
  {
    "country": "Spain",
    "number": "+346846537692"
  },
  {
    "country": "South Korea",
    "number": "+82817363570"
  },
  {
    "country": "India",
    "number": "+912218509668"
  },
  {
    "country": "Ireland",
    "number": "+3531993666141"
  },
  {
    "country": "Italy",
    "number": "+39878380811"
  },
  {
    "country": "Netherlands",
    "number": "+31314068258"
  },
  {
    "country": "Switzerland",
    "number": "+4123643883"
  },
  {
    "country": "Argentina",
    "number": "+5440686088"
  },
  {
    "country": "Brazil",
    "number": "+556220049122"
  },
  {
    "country": "Japan",
    "number": "+81206508171"
  },
  {
    "country": "Denmark",
    "number": "+459615860"
  },
  {
    "country": "Australia",
    "number": "+612269195774"
  },
  {
    "country": "China",
    "number": "+8678213492"
  },
  {
    "country": "United States",
    "number": "+188498671"
  },
  {
    "country": "Sweden",
    "number": "+461869325"
  },
  {
    "country": "Colombia",
    "number": "+57796059655"
  },
  {
    "country": "China",
    "number": "+8625673144"
  },
  {
    "country": "Japan",
    "number": "+8125458227"
  },
  {
    "country": "India",
    "number": "+9108600717"
  },
  {
    "country": "South Korea",
    "number": "+829224471418"
  },
  {
    "country": "United States",
    "number": "+109566236"
  },
  {
    "country": "United Kingdom",
    "number": "+44123167653"
  },
  {
    "country": "India",
    "number": "+9106306709"
  },
  {
    "country": "Germany",
    "number": "+496730665361"
  },
  {
    "country": "Saudi Arabia",
    "number": "+9661071694277"
  },
  {
    "country": "Indonesia",
    "number": "+622379466"
  },
  {
    "country": "France",
    "number": "+3390110298"
  },
  {
    "country": "Germany",
    "number": "+498505367264"
  },
  {
    "country": "Japan",
    "number": "+814447557"
  },
  {
    "country": "United Kingdom",
    "number": "+446666302"
  },
  {
    "country": "Portugal",
    "number": "+35199284717"
  },
  {
    "country": "Mexico",
    "number": "+522622229455"
  },
  {
    "country": "Germany",
    "number": "+497763399"
  },
  {
    "country": "United States",
    "number": "+1971540791"
  },
  {
    "country": "United States",
    "number": "+137826969"
  },
  {
    "country": "Brazil",
    "number": "+55441833103"
  },
  {
    "country": "Belgium",
    "number": "+3289300287"
  },
  {
    "country": "Mexico",
    "number": "+52938144186"
  },
  {
    "country": "Argentina",
    "number": "+542261241"
  },
  {
    "country": "India",
    "number": "+914943261"
  },
  {
    "country": "France",
    "number": "+337010285"
  },
  {
    "country": "Norway",
    "number": "+475693046"
  },
  {
    "country": "China",
    "number": "+864995805488"
  },
  {
    "country": "Spain",
    "number": "+340127652"
  },
  {
    "country": "United Kingdom",
    "number": "+441588357"
  },
  {
    "country": "Indonesia",
    "number": "+627649714"
  },
  {
    "country": "China",
    "number": "+866650159722"
  },
  {
    "country": "Singapore",
    "number": "+654609754"
  },
  {
    "country": "United States",
    "number": "+10344581132"
  },
  {
    "country": "Netherlands",
    "number": "+31250289571"
  },
  {
    "country": "India",
    "number": "+912148357892"
  },
  {
    "country": "Israel",
    "number": "+97292771110"
  },
  {
    "country": "United States",
    "number": "+1385511342"
  },
  {
    "country": "India",
    "number": "+9170907186"
  },
  {
    "country": "Brazil",
    "number": "+556801112631"
  },
  {
    "country": "Greece",
    "number": "+302351618"
  },
  {
    "country": "United Kingdom",
    "number": "+4485507175"
  },
  {
    "country": "Italy",
    "number": "+394019538692"
  },
  {
    "country": "Indonesia",
    "number": "+620566767651"
  },
  {
    "country": "France",
    "number": "+333870810"
  },
  {
    "country": "Germany",
    "number": "+497311288444"
  },
  {
    "country": "Germany",
    "number": "+492472549"
  },
  {
    "country": "Indonesia",
    "number": "+6290831090"
  },
  {
    "country": "India",
    "number": "+916463100923"
  },
  {
    "country": "Japan",
    "number": "+81989709139"
  },
  {
    "country": "Saudi Arabia",
    "number": "+9665409330000"
  },
  {
    "country": "Portugal",
    "number": "+351936035599"
  },
  {
    "country": "Australia",
    "number": "+615760944046"
  },
  {
    "country": "Turkey",
    "number": "+906927850"
  },
  {
    "country": "Germany",
    "number": "+490444092"
  },
  {
    "country": "Sweden",
    "number": "+464079894"
  },
  {
    "country": "France",
    "number": "+336713287"
  },
  {
    "country": "Australia",
    "number": "+61940838812"
  },
  {
    "country": "Spain",
    "number": "+348252869"
  },
  {
    "country": "Sweden",
    "number": "+463491985451"
  },
  {
    "country": "United States",
    "number": "+197460236"
  },
  {
    "country": "United States",
    "number": "+13125562045"
  },
  {
    "country": "Germany",
    "number": "+499525109979"
  },
  {
    "country": "India",
    "number": "+917350648810"
  },
  {
    "country": "Ireland",
    "number": "+3536542337"
  },
  {
    "country": "Mexico",
    "number": "+52299273238"
  },
  {
    "country": "United States",
    "number": "+1748153327"
  },
  {
    "country": "Turkey",
    "number": "+903295595"
  },
  {
    "country": "Italy",
    "number": "+3936479013"
  },
  {
    "country": "Spain",
    "number": "+343602690404"
  },
  {
    "country": "United Arab Emirates",
    "number": "+9713001537"
  },
  {
    "country": "India",
    "number": "+9173104294"
  },
  {
    "country": "France",
    "number": "+337125025"
  },
  {
    "country": "Germany",
    "number": "+49986159155"
  },
  {
    "country": "Japan",
    "number": "+817239970"
  },
  {
    "country": "Argentina",
    "number": "+543995388390"
  },
  {
    "country": "United States",
    "number": "+1836344360"
  },
  {
    "country": "China",
    "number": "+863401600"
  },
  {
    "country": "United States",
    "number": "+1701432976"
  },
  {
    "country": "Austria",
    "number": "+4358757462"
  },
  {
    "country": "United States",
    "number": "+16833979352"
  },
  {
    "country": "Poland",
    "number": "+485232304"
  },
  {
    "country": "Spain",
    "number": "+34708902716"
  },
  {
    "country": "India",
    "number": "+91552211957"
  },
  {
    "country": "Denmark",
    "number": "+4569573039"
  },
  {
    "country": "Russia",
    "number": "+79169659364"
  },
  {
    "country": "China",
    "number": "+86572010516"
  },
  {
    "country": "Greece",
    "number": "+303006358"
  },
  {
    "country": "Japan",
    "number": "+81992669155"
  },
  {
    "country": "Germany",
    "number": "+49430651170"
  },
  {
    "country": "United States",
    "number": "+1924953298"
  },
  {
    "country": "South Africa",
    "number": "+278023710307"
  },
  {
    "country": "United Kingdom",
    "number": "+445520910526"
  },
  {
    "country": "Netherlands",
    "number": "+31133606785"
  },
  {
    "country": "United States",
    "number": "+15229987452"
  },
  {
    "country": "Australia",
    "number": "+612576593377"
  },
  {
    "country": "Chile",
    "number": "+56425710789"
  },
  {
    "country": "United States",
    "number": "+1188471047"
  },
  {
    "country": "Brazil",
    "number": "+555072883"
  },
  {
    "country": "India",
    "number": "+913321794"
  },
  {
    "country": "Indonesia",
    "number": "+628218173"
  },
  {
    "country": "China",
    "number": "+865805896954"
  },
  {
    "country": "Austria",
    "number": "+436083772560"
  },
  {
    "country": "Russia",
    "number": "+788533169"
  },
  {
    "country": "Italy",
    "number": "+390780047488"
  },
  {
    "country": "Japan",
    "number": "+815008882"
  },
  {
    "country": "India",
    "number": "+914012735"
  },
  {
    "country": "South Korea",
    "number": "+823394019"
  },
  {
    "country": "Mexico",
    "number": "+526214552319"
  },
  {
    "country": "China",
    "number": "+869941066890"
  },
  {
    "country": "United Kingdom",
    "number": "+4410853612"
  },
  {
    "country": "United Kingdom",
    "number": "+44341876481"
  },
  {
    "country": "United Kingdom",
    "number": "+443033104"
  },
  {
    "country": "China",
    "number": "+86827676909"
  },
  {
    "country": "Saudi Arabia",
    "number": "+9663989120"
  },
  {
    "country": "China",
    "number": "+86848214779"
  },
  {
    "country": "Spain",
    "number": "+34030545507"
  },
  {
    "country": "Brazil",
    "number": "+5538084418"
  },
  {
    "country": "United States",
    "number": "+14236650"
  },
  {
    "country": "Colombia",
    "number": "+57880947463"
  },
  {
    "country": "Brazil",
    "number": "+5581533445"
  },
  {
    "country": "Saudi Arabia",
    "number": "+966643852668"
  },
  {
    "country": "United Kingdom",
    "number": "+44181379324"
  },
  {
    "country": "Italy",
    "number": "+3977018451"
  },
  {
    "country": "South Korea",
    "number": "+8268760750"
  },
  {
    "country": "United States",
    "number": "+12440879756"
  },
  {
    "country": "Canada",
    "number": "+1790936833"
  },
  {
    "country": "Japan",
    "number": "+813744804310"
  },
  {
    "country": "Japan",
    "number": "+8132599070"
  },
  {
    "country": "France",
    "number": "+335429081"
  },
  {
    "country": "Germany",
    "number": "+492531521180"
  },
  {
    "country": "China",
    "number": "+866264940680"
  },
  {
    "country": "Argentina",
    "number": "+54830458980"
  },
  {
    "country": "France",
    "number": "+337400236780"
  },
  {
    "country": "Indonesia",
    "number": "+62483901672"
  },
  {
    "country": "Chile",
    "number": "+5601978729"
  },
  {
    "country": "Indonesia",
    "number": "+621393972008"
  },
  {
    "country": "China",
    "number": "+862665858540"
  },
  {
    "country": "Italy",
    "number": "+39343852146"
  },
  {
    "country": "United States",
    "number": "+1154354956"
  },
  {
    "country": "Italy",
    "number": "+397506604708"
  },
  {
    "country": "United Kingdom",
    "number": "+44197254963"
  },
  {
    "country": "United Arab Emirates",
    "number": "+971388064640"
  },
  {
    "country": "United Kingdom",
    "number": "+44343344572"
  },
  {
    "country": "France",
    "number": "+337461103957"
  },
  {
    "country": "Germany",
    "number": "+49168762769"
  },
  {
    "country": "Germany",
    "number": "+49941753583"
  },
  {
    "country": "Turkey",
    "number": "+904994636"
  },
  {
    "country": "China",
    "number": "+869403646"
  },
  {
    "country": "South Africa",
    "number": "+275366114"
  },
  {
    "country": "United Kingdom",
    "number": "+44780174724"
  },
  {
    "country": "China",
    "number": "+863242483876"
  },
  {
    "country": "India",
    "number": "+917922456607"
  },
  {
    "country": "Germany",
    "number": "+494287046432"
  },
  {
    "country": "Russia",
    "number": "+7206875821"
  },
  {
    "country": "France",
    "number": "+337075774"
  },
  {
    "country": "Italy",
    "number": "+3979662049"
  },
  {
    "country": "China",
    "number": "+8637152455"
  },
  {
    "country": "Mexico",
    "number": "+520379869"
  },
  {
    "country": "South Korea",
    "number": "+827670121322"
  },
  {
    "country": "Italy",
    "number": "+39918481433"
  },
  {
    "country": "United States",
    "number": "+1999654462"
  },
  {
    "country": "India",
    "number": "+9144547243"
  },
  {
    "country": "France",
    "number": "+332788777262"
  },
  {
    "country": "France",
    "number": "+332184925"
  },
  {
    "country": "United States",
    "number": "+18174175"
  },
  {
    "country": "Belgium",
    "number": "+320518099130"
  },
  {
    "country": "South Korea",
    "number": "+820631115"
  },
  {
    "country": "Mexico",
    "number": "+520797314410"
  },
  {
    "country": "Mexico",
    "number": "+52090393587"
  },
  {
    "country": "Australia",
    "number": "+61345344653"
  },
  {
    "country": "Russia",
    "number": "+77800783660"
  },
  {
    "country": "United Kingdom",
    "number": "+44975501263"
  },
  {
    "country": "India",
    "number": "+91937645848"
  },
  {
    "country": "United States",
    "number": "+12160362192"
  },
  {
    "country": "United Kingdom",
    "number": "+4441256586"
  },
  {
    "country": "United Kingdom",
    "number": "+442580875394"
  },
  {
    "country": "India",
    "number": "+9145697200"
  },
  {
    "country": "Mexico",
    "number": "+52302432892"
  }
]
